subject,adgrg1,apoe,bcan,c1qtnf6,egfr,eln,gdf15,get3,gfap,havcr1,hpgds,kit,nefl,nppb,nptxr,ntprobnp,psg1,serpini1,vgf
subject_1,-0.358,-0.0746,0.3736,-0.2966,0.53685,0.2542,0.39615,0.2778,-0.0485,0.2678,0.1844,-0.1434,0.1501,-0.9359,-0.1865,3.3229,-0.6892,0.10535,0.1082
subject_2,-0.4062,-0.013,0.3662,-0.591,0.10975,-0.7883,-0.10505,0.2491,-0.37605,4.56255,-0.3164,0.1236,0.0397,0.258460514342132,-0.2085,1.8398,0.2201,0.185,-0.13365
subject_3,0.257808727045014,0.1468,-0.0266,-0.0336,0.0999,0.4995,0.27035,-0.4792,-0.7546,0.14995,0.3061,-0.2345,-0.2708,-0.9021,0.1484,1.42635,-0.7864,-0.2081,-0.2614
subject_4,-0.51275,-0.2457,0.0054,0.0314,0.15775,-0.356432168225605,-0.588,-0.8516,-0.2095,0.28315,0.0171,0.0536,0.2117,-0.4373,-0.1718,1.0351,0,-0.3716,-0.4906
subject_5,0.2713,-0.008,-1.2033,0.0489,0.0694169719790981,0.1517,-0.30745,-0.3734,0.70025,-0.50115,0.278,-0.4391,-0.94,1.5135,-0.0995,-0.258894593571022,0.6576,-0.0174528272326057,0.0612559135544351
